<res>
   <item name="hall/蓝色底15x15.png" type="Image" compress="0" pack="0" quality="80" props="sizeGrid=3,3,4,3" picType="0"/>
   <item name="hall/白色底15x15.png" type="Image" compress="0" pack="0" quality="80" props="sizeGrid=3,5,3,2" picType="0"/>
   <item name="hall/白色按钮.png" type="Button" compress="0" pack="0" quality="80" props="sizeGrid=0,54,0,52" picType="0"/>
   <item name="hall/蓝色按钮.png" type="Button" compress="0" pack="0" quality="80" props="sizeGrid=0,50,0,51" picType="0"/>
   <item name="hall/大厅按钮.png" type="Button" compress="0" pack="0" quality="80" props="" picType="0"/>
   <item name="hall/充值.png" type="Button" compress="0" pack="0" quality="80" props="" picType="0"/>
   <item name="hall/战绩.png" type="Button" compress="0" pack="0" quality="80" props="" picType="0"/>
   <item name="hall/红色按钮.png" type="Button" compress="0" pack="0" quality="80" props="sizeGrid=0,18,0,15" picType="0"/>
   <item name="hall/5x10label.png" type="Label" compress="0" pack="0" quality="80" props="" picType="0"/>
   <item name="hall/圆.png" type="Button" compress="0" pack="0" quality="80" props="" picType="0"/>
   <item name="hall/joinRoom/橙色按钮.png" type="Button" compress="0" pack="0" quality="80" props="" picType="0"/>
   <item name="hall/joinRoom/蓝色按钮.png" type="Button" compress="0" pack="0" quality="80" props="" picType="0"/>
   <item name="hall/joinRoom/界面大底.png" type="Image" compress="0" pack="0" quality="80" props="sizeGrid=36,32,31,40" picType="0"/>
   <item name="hall/joinRoom/输入号码底.png" type="Image" compress="0" pack="0" quality="80" props="sizeGrid=0,31,0,35" picType="0"/>
   <item name="load/进度条底.png" type="Image" compress="0" pack="0" quality="80" props="sizeGrid=0,34,0,32" picType="0"/>
   <item name="load/进度条.png" type="Image" compress="0" pack="0" quality="80" props="sizeGrid=0,28,0,30" picType="0"/>
   <item name="hall/creatRoom/切换底.png" type="Button" compress="0" pack="0" quality="80" props="sizeGrid=11,13,11,13" picType="0"/>
   <item name="hall/creatRoom/切换底2.png" type="Button" compress="0" pack="0" quality="80" props="sizeGrid=0,6,4,5" picType="0"/>
   <item name="hall/creatRoom/111.png" type="RadioGroup" compress="0" pack="0" quality="80" props="" picType="0"/>
   <item name="hall/creatRoom/按钮撤橘.png" type="Button" compress="0" pack="0" quality="80" props="sizeGrid=0,32,0,32" picType="0"/>
   <item name="hall/creatRoom/按钮绿.png" type="Button" compress="0" pack="0" quality="80" props="sizeGrid=0,36,0,32" picType="0"/>
   <item name="hall/界面大底.png" type="Image" compress="0" pack="0" quality="80" props="sizeGrid=32,35,31,34" picType="0"/>
   <item name="hall/creatRoom/蓝色分割线.png" type="Image" compress="0" pack="0" quality="80" props="sizeGrid=0,2,0,2" picType="0"/>
   <item name="chat/对话框.png" type="Image" compress="0" pack="0" quality="80" props="sizeGrid=26,43,42,36" picType="0"/>
   <item name="chat/快捷聊天背景.png" type="Image" compress="0" pack="0" quality="80" props="sizeGrid=31,20,13,28" picType="0"/>
   <item name="chat/快捷聊天输入框.png" type="Image" compress="0" pack="0" quality="80" props="sizeGrid=26,22,15,21" picType="0"/>
   <item name="gametable/胡背景.png" type="Image" compress="0" pack="0" quality="80" props="sizeGrid=20,20,19,19" picType="0"/>
   <item name="gametable/亮牌发光.png" type="Image" compress="0" pack="0" quality="80" props="sizeGrid=41,38,54,23" picType="0"/>
   <item name="gametable/百搭背景.png" type="Image" compress="0" pack="0" quality="80" props="sizeGrid=12,12,9,9" picType="0"/>
   <item name="gametable/进度条上.png" type="Image" compress="0" pack="0" quality="80" props="sizeGrid=0,20,0,22" picType="0"/>
   <item name="gametable/进度条大背景.png" type="Image" compress="0" pack="0" quality="80" props="sizeGrid=0,38,0,37" picType="0"/>
   <item name="gametable/对讲机进度条底层背景.png" type="Image" compress="0" pack="0" quality="80" props="sizeGrid=0,50,0,50" picType="0"/>
   <item name="gametable/calculate/小结算界面1.png" type="Image" compress="0" pack="0" quality="80" props="sizeGrid=0,29,0,28" picType="0"/>
   <item name="gametable/calculate/小结算界面2.png" type="Image" compress="0" pack="0" quality="80" props="sizeGrid=0,33,0,33" picType="0"/>
   <item name="gametable/蓝色按钮.png" type="Button" compress="0" pack="0" quality="80" props="sizeGrid=0,56,0,52" picType="0"/>
   <item name="gametable/btn_green.png" type="Button" compress="0" pack="0" quality="80" props="sizeGrid=0,36,0,31" picType="0"/>
   <item name="gametable/btn_blue.png" type="Button" compress="0" pack="0" quality="80" props="sizeGrid=0,36,0,38" picType="0"/>
   <item name="gametable/btn_orange.png" type="Button" compress="0" pack="0" quality="80" props="sizeGrid=0,31,0,38" picType="0"/>
   <item name="gametable/btn_yellow.png" type="Button" compress="0" pack="0" quality="80" props="sizeGrid=0,34,0,37" picType="0"/>
   <item name="hall/creatRoom/文本框底.png" type="Image" compress="0" pack="0" quality="80" props="sizeGrid=17,20,19,18" picType="0"/>
   <item name="hall/creatRoom/白色分割线.png" type="Image" compress="0" pack="0" quality="80" props="sizeGrid=0,1,0,1" picType="0"/>
   <item name="gametable/img_wanjiatouxiang-di.png" type="Image" compress="0" pack="0" quality="80" props="sizeGrid=47,44,33,26" picType="0"/>
   <item name="gametable/img_jinbi-di.png" type="Image" compress="0" pack="0" quality="80" props="sizeGrid=0,37,0,33" picType="0"/>
   <item name="common/btn_blue.png" type="Button" compress="0" pack="0" quality="80" props="sizeGrid=0,49,0,41" picType="0"/>
   <item name="common/btn_green.png" type="Button" compress="0" pack="0" quality="80" props="sizeGrid=0,27,0,31" picType="0"/>
   <item name="common/btn_orange.png" type="Button" compress="0" pack="0" quality="80" props="sizeGrid=26,15,28,14" picType="0"/>
   <item name="common/btn_yellow.png" type="Button" compress="0" pack="0" quality="80" props="sizeGrid=23,21,28,16" picType="0"/>
   <item name="common/通用黄底.png" type="Image" compress="0" pack="0" quality="80" props="sizeGrid=14,13,18,15" picType="0"/>
   <item name="common/界面底.png" type="Image" compress="0" pack="0" quality="80" props="sizeGrid=10,14,12,11" picType="0"/>
   <item name="common/开关.png" type="Button" compress="0" pack="0" quality="80" props="" picType="0"/>
   <item name="hall/分享.png" type="Button" compress="0" pack="0" quality="80" props="" picType="0"/>
   <item name="hall/反馈.png" type="Button" compress="0" pack="0" quality="80" props="" picType="0"/>
   <item name="hall/rechargeView/界面大底.png" type="Button" compress="0" pack="0" quality="80" props="" picType="0"/>
   <item name="hall/rechargeView/大厅按钮.png" type="Button" compress="0" pack="0" quality="80" props="" picType="0"/>
   <item name="hall/rechargeView/充值.png" type="Button" compress="0" pack="0" quality="80" props="" picType="0"/>
   <item name="hall/rechargeView/分享.png" type="Button" compress="0" pack="0" quality="80" props="" picType="0"/>
   <item name="hall/rechargeView/反馈.png" type="Button" compress="0" pack="0" quality="80" props="" picType="0"/>
   <item name="hall/rechargeView/战绩.png" type="Button" compress="0" pack="0" quality="80" props="" picType="0"/>
   <item name="hall/record/界面大底.png" type="Button" compress="0" pack="0" quality="80" props="" picType="0"/>
   <item name="hall/feedbackWiew/充值.png" type="Button" compress="0" pack="0" quality="80" props="" picType="0"/>
   <item name="hall/feedbackWiew/分享.png" type="Button" compress="0" pack="0" quality="80" props="" picType="0"/>
   <item name="hall/feedbackWiew/反馈.png" type="Button" compress="0" pack="0" quality="80" props="" picType="0"/>
   <item name="hall/feedbackWiew/战绩.png" type="Button" compress="0" pack="0" quality="80" props="" picType="0"/>
   <item name="hall/feedbackWiew/大厅按钮.png" type="Button" compress="0" pack="0" quality="80" props="" picType="0"/>
   <item name="hall/Share/通用黄底.png" type="Image" compress="0" pack="0" quality="80" props="sizeGrid=28,37,35,36" picType="0"/>
   <item name="hall/Share/文字底.png" type="Image" compress="0" pack="0" quality="80" props="sizeGrid=27,34,28,32" picType="0"/>
   <item name="hall/handinfo/按钮撤橘.png" type="Button" compress="0" pack="0" quality="80" props="" picType="0"/>
   <item name="hall/handinfo/按钮绿.png" type="Button" compress="0" pack="0" quality="80" props="" picType="0"/>
   <item name="hall/handinfo/关闭.png" type="Button" compress="0" pack="0" quality="80" props="" picType="0"/>
   <item name="gametable/桌子背景.png" type="Image" compress="0" pack="0" quality="80" props="" picType="1"/>
   <item name="common/信息列表按钮.png" type="Button" compress="0" pack="0" quality="80" props="" picType="0"/>
   <item name="common/5x10label.png" type="HTMLDivElement" compress="0" pack="0" quality="80" props="" picType="0"/>
   <item name="gametable/gameOver/对局数底.png" type="Image" compress="0" pack="0" quality="80" props="sizeGrid=11,11,14,11" picType="0"/>
   <item name="gametable/gameOver/文字底.png" type="Image" compress="0" pack="0" quality="80" props="sizeGrid=20,22,22,20" picType="0"/>
   <item name="common/文字底.png" type="Image" compress="0" pack="0" quality="80" props="sizeGrid=21,26,21,19" picType="0"/>
   <item name="common/通用黄底1.png" type="Image" compress="0" pack="0" quality="80" props="sizeGrid=29,35,34,36" picType="0"/>
   <item name="common/对局数底.png" type="Image" compress="0" pack="0" quality="80" props="sizeGrid=15,12,12,10" picType="0"/>
   <item name="common/gameTop.png" type="Image" compress="0" pack="0" quality="80" props="sizeGrid=0,47,0,53" picType="0"/>
   <item name="common/heixedi.png" type="Image" compress="0" pack="0" quality="80" props="" picType="1"/>
   <item name="common/wenzidi.png" type="Image" compress="0" pack="0" quality="80" props="sizeGrid=13,14,11,14" picType="0"/>
   <item name="common/tongyonghuangdi.png" type="Image" compress="0" pack="0" quality="80" props="sizeGrid=13,16,18,13" picType="0"/>
   <item name="common/tongyonghuangdi1.png" type="Image" compress="0" pack="0" quality="80" props="sizeGrid=31,37,33,36" picType="0"/>
   <item name="common/duijudishu.png" type="Image" compress="0" pack="0" quality="80" props="sizeGrid=12,14,13,13" picType="0"/>
   <item name="common/wenbenkuangdi.png" type="Image" compress="0" pack="0" quality="80" props="sizeGrid=22,13,8,10" picType="0"/>
   <item name="hall/jiemiandadi.png" type="Image" compress="0" pack="0" quality="80" props="sizeGrid=30,36,34,32" picType="0"/>
   <item name="common/nengjuBtn.png" type="Image" compress="0" pack="0" quality="80" props="sizeGrid=0,33,0,36" picType="0"/>
   <item name="common/lvBtn.png" type="Button" compress="0" pack="0" quality="80" props="sizeGrid=0,34,0,36" picType="0"/>
   <item name="hall/lanseBtn.png" type="Image" compress="0" pack="0" quality="80" props="sizeGrid=0,60,0,59" picType="0"/>
   <item name="hall/baiseBtn.png" type="Image" compress="0" pack="0" quality="80" props="sizeGrid=0,62,0,67" picType="0"/>
   <item name="hall/hongseBtn.png" type="Button" compress="0" pack="0" quality="80" props="sizeGrid=0,18,0,20" picType="0"/>
   <item name="hall/baisedi.png" type="Image" compress="0" pack="0" quality="80" props="" picType="0"/>
   <item name="load/jindutiaodi.png" type="Image" compress="0" pack="0" quality="80" props="sizeGrid=0,15,0,15" picType="0"/>
   <item name="load/jindutiao.png" type="Image" compress="0" pack="0" quality="80" props="sizeGrid=0,16,0,15" picType="0"/>
   <item name="common/shurudi.png" type="Image" compress="0" pack="0" quality="80" props="sizeGrid=0,40,0,44" picType="0"/>
   <item name="common/jiemiandi.png" type="Image" compress="0" pack="0" quality="80" props="sizeGrid=9,11,13,11" picType="0"/>
   <item name="common/jiemiandadi.png" type="Image" compress="0" pack="0" quality="80" props="sizeGrid=37,33,38,38" picType="0"/>
   <item name="common/chengseBtn.png" type="Button" compress="0" pack="0" quality="80" props="sizeGrid=0,50,0,53" picType="0"/>
   <item name="common/lanseBtn.png" type="Image" compress="0" pack="0" quality="80" props="sizeGrid=0,51,0,48" picType="0"/>
   <item name="gametable/zhuozibeijing.png" type="Image" compress="0" pack="0" quality="80" props="" picType="1"/>
   <item name="chat/duihuakuang.png" type="Image" compress="0" pack="0" quality="80" props="sizeGrid=0,51,0,50" picType="0"/>
   <item name="gametable/jindutiaodabeijing.png" type="Image" compress="0" pack="0" quality="80" props="sizeGrid=0,36,0,33" picType="0"/>
   <item name="gametable/jidutiaoshang.png" type="Image" compress="0" pack="0" quality="80" props="sizeGrid=0,21,0,26" picType="0"/>
   <item name="gametable/duijiangdi.png" type="Image" compress="0" pack="0" quality="80" props="" picType="0"/>
   <item name="gametable" type="" compress="0" pack="0" quality="80" props="" picType="0"/>
   <item name="hall" type="" compress="0" pack="0" quality="80" props="" picType="0"/>
   <item name="load" type="" compress="0" pack="0" quality="80" props="" picType="0"/>
   <item name="faceexpress" type="" compress="0" pack="0" quality="80" props="" picType="0"/>
   <item name="common" type="" compress="0" pack="0" quality="80" props="" picType="0"/>
   <item name="chat" type="" compress="0" pack="0" quality="80" props="" picType="0"/>
   <item name="hall/hall_line.png" type="Image" compress="0" pack="1" quality="80" props="" picType="0"/>
   <item name="hall/xizhoumajiang.png" type="Button" compress="0" pack="0" quality="80" props="" picType="0" scale="0"/>
   <item name="hall/danchengGame.png" type="Button" compress="0" pack="0" quality="80" props="" picType="0" scale="0"/>
   <item name="gametable/zhuomianwenli.png" type="Image" compress="0" pack="2" quality="80" props="" picType="0"/>
   <item name="common/gameBg1.png" type="Image" compress="0" pack="0" quality="80" props="sizeGrid=18,18,18,18" picType="0"/>
   <item name="common/commonTitBg.png" type="Image" compress="0" pack="2" quality="80" props="sizeGrid=10,10,8,14" picType="0"/>
   <item name="gametable/btnHorn.png" type="Button" compress="0" pack="0" quality="80" props="" picType="0"/>
   <item name="gametable/Option/function_Option.png" type="Button" compress="0" pack="0" quality="80" props="" picType="0"/>
   <item name="hall/jionRoomBtn.png" type="Button" compress="0" pack="0" quality="80" props="sizeGrid=0,36,0,32" picType="0"/>
   <item name="hall/bottomLine.png" type="Image" compress="0" pack="2" quality="80" props="" picType="0"/>
   <item name="hall/datingBtnBg.png" type="Image" compress="0" pack="2" quality="80" props="" picType="0"/>
   <item name="hall/hallBottomBg.png" type="Image" compress="0" pack="2" quality="80" props="" picType="0"/>
   <item name="hall/hallItemBg.png" type="Image" compress="0" pack="2" quality="80" props="sizeGrid=11,38,9,28" picType="0"/>
   <item name="hall/hallBg.jpg" type="Image" compress="0" pack="2" quality="80" props="" picType="0"/>
   <item name="gametable/btnShow.png" type="Button" compress="0" pack="0" quality="80" props="" picType="0"/>
   <item name="gametable/zuoxia.png" type="Image" compress="0" pack="0" quality="80" props="" picType="0"/>
   <item name="gametable/wenli_xizhou.png" type="Image" compress="0" pack="2" quality="80" props="" picType="0"/>
   <item name="gametable/wenli_xiangshan.png" type="Image" compress="0" pack="2" quality="80" props="" picType="0"/>
   <item name="gametable/chi.png" type="Image" compress="0" pack="2" quality="80" props="" picType="0"/>
   <item name="gametable/chipenggangbeijing.png" type="Image" compress="0" pack="2" quality="80" props="" picType="0"/>
   <item name="gametable/chipenggangbeijinggang.png" type="Image" compress="0" pack="2" quality="80" props="" picType="0"/>
   <item name="gametable/chipenggangbeijinghu.png" type="Image" compress="0" pack="2" quality="80" props="" picType="0"/>
   <item name="gametable/chipengggangbeijingliang.png" type="Image" compress="0" pack="2" quality="80" props="" picType="0"/>
   <item name="gametable/chipenggangbeijingpeng.png" type="Image" compress="0" pack="2" quality="80" props="" picType="0"/>
   <item name="gametable/buhua.png" type="Image" compress="0" pack="2" quality="80" props="" picType="0"/>
   <item name="gametable/huifanganniubeijing.png" type="Image" compress="0" pack="0" quality="80" props="sizeGrid=30,41,36,46" picType="0"/>
   <item name="hall/text_bg.png" type="Image" compress="0" pack="2" quality="80" props="" picType="0"/>
   <item name="hall/text_box.png" type="Image" compress="0" pack="2" quality="80" props="" picType="0"/>
   <item name="hall/icon_diamond.png" type="Image" compress="0" pack="0" quality="80" props="" picType="0"/>
   <item name="hall/img_qiandao.png" type="Image" compress="0" pack="2" quality="80" props="" picType="0"/>
   <item name="hall/qiandao.png" type="Image" compress="0" pack="2" quality="80" props="" picType="0"/>
   <item name="hall/btn/activityBtn1.png" type="Image" compress="0" pack="0" quality="80" props="" picType="0"/>
   <item name="hall/btn/activityBtn2.png" type="Image" compress="0" pack="0" quality="80" props="" picType="0"/>
   <item name="hall/btn/activityBtn3.png" type="Image" compress="0" pack="0" quality="80" props="" picType="0"/>
   <item name="hall/btn/chongchiBtn1.png" type="Image" compress="0" pack="0" quality="80" props="" picType="0"/>
   <item name="hall/btn/chongchiBtn2.png" type="Image" compress="0" pack="0" quality="80" props="" picType="0"/>
   <item name="hall/btn/datingBtn1.png" type="Image" compress="0" pack="0" quality="80" props="" picType="0"/>
   <item name="hall/btn/datingBtn2.png" type="Image" compress="0" pack="0" quality="80" props="" picType="0"/>
   <item name="hall/btn/datingBtn3.png" type="Image" compress="0" pack="0" quality="80" props="" picType="0"/>
   <item name="hall/btn/fankuiBtn1.png" type="Image" compress="0" pack="0" quality="80" props="" picType="0"/>
   <item name="hall/btn/fankuiBtn2.png" type="Image" compress="0" pack="0" quality="80" props="" picType="0"/>
   <item name="hall/btn/fankuiBtn3.png" type="Image" compress="0" pack="0" quality="80" props="" picType="0"/>
   <item name="hall/btn/zhanjiBtn1.png" type="Image" compress="0" pack="0" quality="80" props="" picType="0"/>
   <item name="hall/btn/zhanjiBtn2.png" type="Image" compress="0" pack="0" quality="80" props="" picType="0"/>
   <item name="hall/buchang.png" type="Image" compress="0" pack="2" quality="80" props="" picType="0"/>
   <item name="hall/img_buchang.png" type="Image" compress="0" pack="2" quality="80" props="" picType="0"/>
   <item name="hall/hallwenliBg.jpg" type="Image" compress="0" pack="2" quality="80" props="" picType="0"/>
   <item name="load/loading.png" type="Image" compress="0" pack="2" quality="80" props="" picType="0"/>
   <item name="hall/tellBg.png" type="Button" compress="0" pack="0" quality="80" props="sizeGrid=0,35,0,35" picType="0"/>
   <item name="hall/goto.png" type="Image" compress="0" pack="0" quality="80" props="" picType="0"/>
   <item name="gametable/huifanganniubei.png" type="Image" compress="0" pack="0" quality="80" props="sizeGrid=0,33,0,42" picType="0"/>
   <item name="common/btnSmall.png" type="Image" compress="0" pack="0" quality="80" props="sizeGrid=0,20,0,23" picType="0"/>
   <item name="hall/sanrendoudizhu.png" type="Button" compress="0" pack="0" quality="80" props="" picType="0" scale="0"/>
   <item name="hall/hallwenliBg.png" type="Image" compress="0" pack="2" quality="80" props="" picType="0"/>
   <item name="common/popBg.png" type="Image" compress="0" pack="1" quality="80" props="sizeGrid=20,20,20,20" picType="0"/>
   <item name="common/diwen.png" type="Image" compress="0" pack="0" quality="80" props="sizeGrid=18,20,18,19" picType="0"/>
   <item name="common/btnHong.png" type="Button" compress="0" pack="0" quality="80" props="sizeGrid=0,36,0,36" picType="0"/>
   <item name="common/btnLv.png" type="Button" compress="0" pack="0" quality="80" props="sizeGrid=0,36,0,36" picType="0"/>
   <item name="common/btnLvSmall.png" type="Image" compress="0" pack="0" quality="80" props="" picType="0"/>
   <item name="hall/btn/btnHome.png" type="Image" compress="0" pack="0" quality="80" props="" picType="0"/>
   <item name="hall/btn/btnChong.png" type="Image" compress="0" pack="0" quality="80" props="" picType="0"/>
   <item name="hall/btn/btnAct.png" type="Image" compress="0" pack="0" quality="80" props="" picType="0"/>
   <item name="hall/btn/btnFankui.png" type="Image" compress="0" pack="0" quality="80" props="" picType="0"/>
   <item name="hall/btn/btnZhanji.png" type="Image" compress="0" pack="0" quality="80" props="" picType="0"/>
   <item name="hall/btn/normal.png" type="Image" compress="0" pack="1" quality="80" props="" picType="0"/>
   <item name="common/lanfengexian.png" type="Image" compress="0" pack="0" quality="80" props="sizeGrid=0,3,0,3" picType="0"/>
   <item name="common/bannerBg.png" type="Image" compress="0" pack="0" quality="80" props="sizeGrid=23,24,25,28" picType="0"/>
   <item name="common/madengBg.png" type="Image" compress="0" pack="0" quality="80" props="sizeGrid=20,17,21,17" picType="0"/>
   <item name="common/labaBg.png" type="Image" compress="0" pack="0" quality="80" props="sizeGrid=12,10,16,14" picType="0"/>
   <item name="gameCommon/img_wanjiatouxiang-di.png" type="Image" compress="0" pack="0" quality="80" props="" picType="0"/>
   <item name="gameCommon/voice/voiceBg.png" type="Button" compress="0" pack="0" quality="80" props="" picType="0"/>
   <item name="sddzGame/wenli_sddz.png" type="Image" compress="0" pack="2" quality="80" props="" picType="0"/>
   <item name="common/buttonLan.png" type="Button" compress="0" pack="0" quality="80" props="sizeGrid=0,30,0,30" picType="0"/>
   <item name="common/buttonHuang.png" type="Button" compress="0" pack="0" quality="80" props="sizeGrid=0,29,0,28" picType="0"/>
   <item name="common/buttonLv.png" type="Button" compress="0" pack="0" quality="80" props="sizeGrid=0,29,0,27" picType="0"/>
   <item name="common/buttonHong.png" type="Button" compress="0" pack="0" quality="80" props="sizeGrid=0,30,0,28" picType="0"/>
   <item name="common/diwenju.png" type="Image" compress="0" pack="0" quality="80" props="sizeGrid=28,16,30,20" picType="0"/>
   <item name="common/wenziBg.png" type="Image" compress="0" pack="0" quality="80" props="sizeGrid=0,17,0,20" picType="0"/>
   <item name="common/biaoti.png" type="Image" compress="0" pack="0" quality="80" props="sizeGrid=0,41,0,43" picType="0"/>
   <item name="common/touxBg.png" type="Image" compress="0" pack="0" quality="80" props="sizeGrid=15,15,19,18" picType="0"/>
   <item name="common/touxMask.png" type="Image" compress="0" pack="0" quality="80" props="sizeGrid=13,13,12,14" picType="0"/>
   <item name="hall/huodong.png" type="Image" compress="0" pack="0" quality="80" props="" picType="0"/>
   <item name="hall/jchuodong.png" type="Image" compress="0" pack="2" quality="80" props="" picType="0"/>
   <item name="hall/goumaibaoshi.png" type="Image" compress="0" pack="2" quality="80" props="" picType="0"/>
   <item name="hall/zhanjitj.png" type="Image" compress="0" pack="2" quality="80" props="" picType="0"/>
   <item name="hall/duijuxq.png" type="Image" compress="0" pack="2" quality="80" props="" picType="0"/>
   <item name="hall/zongzhj.png" type="Image" compress="0" pack="2" quality="80" props="" picType="0"/>
   <item name="common/numBg.png" type="Image" compress="0" pack="0" quality="80" props="sizeGrid=0,54,0,59" picType="0"/>
   <item name="common/titleBg.png" type="Image" compress="0" pack="0" quality="80" props="sizeGrid=15,30,16,30" picType="0"/>
   <item name="common/judiwen.png" type="Image" compress="0" pack="0" quality="80" props="sizeGrid=0,28,0,28" picType="0"/>
   <item name="gameCommon/dikuang.png" type="Image" compress="0" pack="0" quality="80" props="sizeGrid=0,20,0,22" picType="0"/>
   <item name="hall/sirendoudizhu.png" type="Button" compress="0" pack="0" quality="80" props="" picType="0" scale="0"/>
   <item name="common/cha.png" type="Button" compress="0" pack="0" quality="80" props="" picType="0" scale="0"/>
   <item name="niuniuGame/chat.png" type="Button" compress="0" pack="0" quality="80" props="" picType="0" scale="0"/>
   <item name="niuniuGame/duijiangji.png" type="Button" compress="0" pack="0" quality="80" props="" picType="0" scale="0"/>
   <item name="niuniuGame/set.png" type="Button" compress="0" pack="0" quality="80" props="" picType="0" scale="0"/>
   <item name="niuniuGame/function_Option.png" type="Image" compress="0" pack="0" quality="80" props="" picType="0" scale="0"/>
   <item name="hall/pinshiGame.png" type="Button" compress="0" pack="0" quality="80" props="" picType="0" scale="0"/>
   <item name="gameCommon/set.png" type="Button" compress="0" pack="0" quality="80" props="" picType="0" scale="0"/>
   <item name="gameCommon/zhuangAni1.png" type="Image" compress="0" pack="0" quality="80" props="" picType="0" scale="0"/>
   <item name="gameCommon/zhuangAni2.png" type="Image" compress="0" pack="0" quality="80" props="" picType="0" scale="0"/>
   <item name="hall/huaihuamj.png" type="Button" compress="0" pack="0" quality="80" props="" picType="0" scale="0"/>
   <item name="common/tab.png" type="Button" compress="0" pack="0" quality="80" props="sizeGrid=0,64,0,66" picType="0" scale="0"/>
   <item name="common/titleTab.png" type="Tab" compress="0" pack="0" quality="80" props="sizeGrid=0,64,0,64" picType="0" scale="0"/>
</res>